struct,eV,cation,anion
Ba_O,4.002624,Ba,O
Ba_S,3.781514,Ba,S
Ba_Se,3.246978,Ba,Se
Ba_Te,3.012634,Ba,Te
Be_O,8.650912,Be,O
Be_S,5.988403,Be,S
Be_Se,4.241226,Be,Se
Be_Te,3.743026,Be,Te
Ca_O,4.961737,Ca,O
Ca_S,4.248848,Ca,S
Ca_Se,3.598464,Ca,Se
Ca_Te,3.084405,Ca,Te
Cs_Br,2.71276767,Cs,Br
Cs_Cl,3.28617067,Cs,Cl
Cs_F,4.05943267,Cs,F
Cs_I,3.16266767,Cs,I
K_Br,2.46508267,K,Br
K_Cl,3.11241667,K,Cl
K_F,3.13224467,K,F
K_I,3.24870267,K,I
Li_Br,5.218042,Li,Br
Li_Cl,6.539558,Li,Cl
Li_F,7.85771667,Li,F
Li_I,4.546896,Li,I
Mg_O,4.993427,Mg,O
Mg_S,4.111337,Mg,S
Mg_Se,3.006063,Mg,Se
Mg_Te,2.675146,Mg,Te
Na_Br,3.33259467,Na,Br
Na_Cl,4.26847667,Na,Cl
Na_F,4.01255467,Na,F
Na_I,3.846969,Na,I
Rb_Br,2.25200067,Rb,Br
Rb_Cl,2.84224267,Rb,Cl
Rb_F,3.01182767,Rb,F
Rb_I,2.92552867,Rb,I
Sr_O,4.136856,Sr,O
Sr_S,3.922991,Sr,S
Sr_Se,3.276166,Sr,Se
Sr_Te,3.094513,Sr,Te
